,id_data,nama_depan,nama_belakang,nomor_karyawan,Age,DailyRate,Department,DistanceFromHome,Education,EducationField,EnvironmentSatisfaction,Gender,JobInvolvement,JobLevel,JobRole,JobSatisfaction,MaritalStatus,MonthlyIncome,MonthlyRate,NumCompaniesWorked,OverTime,PercentSalaryHike,RelationshipSatisfaction,StockOptionLevel,TotalWorkingYears,TrainingTimesLastYear,WorkLifeBalance,YearsAtCompany,YearsInCurrentRole,YearsSinceLastPromotion,YearsWithCurrManager
0,0,dewi,a,12,12,600,2,3,2,2,2,1,1,2,7,1,3,18000,1000,2,0,20,1,0,2,0,1,4,2,2,2
1,1,dewi,a,12,12,600,2,3,2,2,2,1,1,2,7,1,3,18000,1000,2,0,20,1,0,2,0,1,4,2,2,2
2,2,Muhammad ,asap,11,49,279,2,1,1,1,2,1,2,1,7,1,1,5130,24907,1,0,23,3,1,10,3,2,10,7,1,7
3,3,ASep,Derajat,33,22,1123,1,16,1,3,3,1,3,0,2,3,0,2935,7324,1,1,13,1,2,1,2,1,1,0,0,0
4,4,Doni,Asep,33,22,1123,1,16,1,3,3,1,3,0,2,3,0,2935,7324,1,1,13,1,2,1,2,1,1,0,0,0
5,5,Doni,Asep,33,22,1123,1,16,1,3,3,1,3,0,2,3,0,2935,7324,1,1,13,1,2,1,2,1,1,0,0,0
6,6,Doni,Asep,33,22,1123,1,16,1,3,3,1,3,0,2,3,0,2935,7324,1,1,13,1,2,1,2,1,1,0,0,0
7,7,Doni,Asep,33,22,1123,1,16,1,3,3,1,3,0,2,3,0,2935,7324,1,1,13,1,2,1,2,1,1,0,0,0
8,8,Doni,Asep,33,22,1123,1,16,1,3,3,1,3,0,2,3,0,2935,7324,1,1,13,1,2,1,2,1,1,0,0,0
9,9,Ismail,bin Mail,44,28,103,1,24,2,1,2,1,1,0,2,2,3,2028,12947,5,1,14,1,0,6,4,2,4,2,0,3
10,10,Fulanah,Fulan,33,25,1000,1,10,0,1,2,0,1,2,6,1,3,50000,10000,5,0,5,2,0,3,0,1,2,2,1,1
11,11,Fulanah,Fulan,66,26,500,1,5,2,1,1,0,2,2,6,2,3,50000,30000,3,0,5,2,0,4,0,2,3,3,2,1
12,12,Fulanah,Fulan,51,27,500,1,10,2,1,0,0,2,2,6,2,3,56000,30000,2,0,5,2,0,3,0,1,2,2,1,1
